{
  "generated_at_utc": "2025-08-23T07:21:08.954211+00:00",
  "angles": {
    "Tommy": {
      "id": "angles",
      "ASC": 115.67633423646235,
      "MC": 8.992019099076657,
      "houses": [
        115.67633423646235,
        135.49262257198387,
        159.0449490999348,
        188.99201909907666,
        225.68499199812612,
        263.40474938863076,
        295.67633423646237,
        315.4926225719839,
        339.0449490999348,
        8.992019099076657,
        45.68499199812614,
        83.40474938863078
      ],
      "PartOfFortune": 116.29917114607102,
      "PartOfSpirit": 115.05349732685366,
      "source": "swiss"
    },
    "Milena": {
      "id": "angles",
      "ASC": 73.38330049062148,
      "MC": 319.95050247694826,
      "houses": [
        73.38330049062148,
        95.56806299476975,
        116.37845323644441,
        139.95050247694826,
        170.57961130785702,
        211.0486540015521,
        253.38330049062148,
        275.5680629947698,
        296.37845323644444,
        319.95050247694826,
        350.57961130785696,
        31.048654001552116
      ],
      "PartOfFortune": 74.00613740023016,
      "PartOfSpirit": 72.7604635810128,
      "source": "swiss"
    },
    "Christine": {
      "id": "angles",
      "ASC": 116.1399929444822,
      "MC": 9.71487954795621,
      "houses": [
        116.1399929444822,
        136.01844263505103,
        159.671232554971,
        189.7148795479562,
        226.39553201735714,
        263.97410949416485,
        296.1399929444822,
        316.01844263505103,
        339.67123255497097,
        9.71487954795621,
        46.39553201735715,
        83.97410949416486
      ],
      "PartOfFortune": 116.76282985409088,
      "PartOfSpirit": 115.51715603487352,
      "source": "swiss"
    }
  }
}